[
  {
    "name": {
      "en": "K-Citymarket",
      "fi": "K-Citymarket",
      "zh": "K城市超市"
    },
    "logo": "https://www.bing.com/images/search?view=detailV2&ccid=qJr5qMC1&id=4190FC85D6704AB390D67A6279A4E5C5E0BB0F55&thid=OIP.qJr5qMC1XuDMBrOJpMkpXgHaHa&mediaurl=https://www.kesko.fi/4a7dce/globalassets/default_k_logo_570x570.png&q=K-Citymarket+logo&ck=B3DEFE0412ACA459500BDE114322901E&idpp=rc&idpview=singleimage&expw=570&exph=570&form=rc2idp"
  },
  {
    "name": {
      "en": "Prisma",
      "fi": "Prisma",
      "zh": "Prisma超市"
    },
    "logo": "https://www.bing.com/images/search?view=detailV2&ccid=2ckqKVVF&id=1F35AF8D488D11EFE5DAB7429EC30A523CA53D33&thid=OIP.2ckqKVVFw9fLng3RcUaIMQHaBY&mediaurl=https%3a%2f%2fwww.liblogo.com%2fimg-logo%2fpr4418p1c0-prisma-logo-prisma-logo-prisma-retail-logos-logo.png&exph=179&expw=960&q=prisma+logo&FORM=IRPRST&ck=AFA95D40522744E1B55DA1B359C0FBD0&selectedIndex=35&itb=0"
  },
  {
    "name": {
      "en": "S-Market",
      "fi": "S-Market",
      "zh": "S超市"
    },
    "logo": ""
  },
  {
    "name": {
      "en": "Lidl",
      "fi": "Lidl",
      "zh": "利多超市"
    },
    "logo": "https://www.bing.com/images/search?view=detailV2&ccid=cjkVgLcN&id=80CE15A642BE6122D5AF871AA853733D86098D8E&thid=OIP.cjkVgLcNIDSKYHRkCIt5bwHaEK&mediaurl=https%3A%2F%2Flogos-world.net%2Fwp-content%2Fuploads%2F2020%2F12%2FLidl-Emblem.png&exph=2160&expw=3840&q=Lidl+logo&FORM=IRPRST&ck=6087D41656B8E8EF7DBF2C411778630F&selectedIndex=0&itb=1&cw=1289&ch=724&ajaxhist=0&ajaxserp=0"
  },
  {
    "name": {
      "en": "Alepa",
      "fi": "Alepa",
      "zh": "Alepa便利店"
    },
    "logo": "https://www.bing.com/images/search?view=detailV2&ccid=9r1OH2sp&id=5A5C251CE6A43C3F8789C81C8490F56E5A78B202&thid=OIP.9r1OH2spffyX1MHRXJV3fwHaDQ&mediaurl=https%3A%2F%2Fcdn.aok.wp.s-cloud.fi%2Fuploads%2Fsites%2F22%2F2020%2F06%2F10150723%2Falepa_logo.png&exph=617&expw=1400&q=Alepa+logo&FORM=IRPRST&ck=7EAAC85D25DDC4E3F4CD83D127BC433E&selectedIndex=36&itb=1&cw=1289&ch=724&ajaxhist=0&ajaxserp=0"
  },
  {
    "name": {
      "en": "Aseanic Trading",
      "fi": "Aseanic Trading",
      "zh": "亚洲超市 Aseanic"
    },
    "logo": "https://www.bing.com/images/search?view=detailV2&ccid=k1yrOZno&id=ED1D417A1B5A33237035725AC8CDBE061974F854&thid=OIP.k1yrOZno53ua0eQtaRCFBgAAAA&mediaurl=https%3A%2F%2Fi.pinimg.com%2Foriginals%2F2a%2Fb9%2F00%2F2ab900d70ecbcb76d0d4ee9767b69992.png&exph=400&expw=400&q=Aseanic+Trading+logo&FORM=IRPRST&ck=CD1F50ED201E05B7F2021CB7FEBAF76B&selectedIndex=19&itb=1&cw=1289&ch=724&ajaxhist=0&ajaxserp=0"
  },
  {
    "name": {
      "en": "Asia Market",
      "fi": "Asia Market",
      "zh": "亚洲食品超市"
    },
    "logo": "https://www.asiamarket.fi/images/logo.png"
  },
  {
    "name": {
      "en": "Oriental Market",
      "fi": "Oriental Market",
      "zh": "东方超市"
    },
    "logo": "https://www.orientalmarket.fi/wp-content/uploads/2020/09/oriental-logo.png"
  },
  {
    "name": {
      "en": "Alanya Market",
      "fi": "Alanya Market",
      "zh": "阿拉尼亚中东超市"
    },
    "logo": "https://static.wixstatic.com/media/12345/alanya-market-logo.png"
  },
  {
    "name": {
      "en": "Halal Market",
      "fi": "Halal Market",
      "zh": "清真食品超市"
    },
    "logo": "https://example.com/halal-market-logo.png"
  },
  {
    "name": {
      "en": "K-Supermarket",
      "fi": "K-Supermarket",
      "zh": "K超市"
    },
    "logo": "k-supermarket-logo.png"
  },
  {
    "name": {
      "en": "K-Market",
      "fi": "K-Market",
      "zh": "K便利店"
    },
    "logo": "k-market-logo.png"
  },
  {
    "name": {
      "en": "Sale",
      "fi": "Sale",
      "zh": "Sale便利店"
    },
    "logo": "sale-logo.png"
  },
  {
    "name": {
      "en": "Tokmanni",
      "fi": "Tokmanni",
      "zh": "托克曼尼"
    },
    "logo": "tokmanni-logo.png"
  },
  {
    "name": {
      "en": "Vii Voan Asian Market",
      "fi": "Vii Voan Aasian Kauppa",
      "zh": "维万亚洲超市"
    },
    "logo": "viivoan-logo.png"
  },
  {
    "name": {
      "en": "Tiger Asian Market",
      "fi": "Tiger Aasian Kauppa",
      "zh": "老虎亚洲超市"
    },
    "logo": "tiger-logo.png"
  },
  {
    "name": {
      "en": "Hakaniemi Market Hall",
      "fi": "Hakaniemen Kauppahalli",
      "zh": "哈卡涅米市场"
    },
    "logo": "hakaniemi-logo.png"
  },
  {
    "name": {
      "en": "Old Market Hall",
      "fi": "Vanha Kauppahalli",
      "zh": "老市场"
    },
    "logo": "old-market-hall-logo.png"
  }
,
  {
    "name": {
      "en": "Jiahe Asian Market",
      "fi": "Jiahe Aasian Kauppa",
      "zh": "佳禾超市"
    },
    "logo": "jiahe-logo.png"
  },
  {
    "name": {
      "en": "Kiina Supermarket",
      "fi": "Kiina Supermarket",
      "zh": "中国超市"
    },
    "logo": "kiina-supermarket-logo.png"
  },
  {
    "name": {
      "en": "GC Asian Market",
      "fi": "GC Aasian Kauppa",
      "zh": "佳禾亚洲超市"
    },
    "logo": "gc-asian-market-logo.png"
  },
  {
    "name": {
      "en": "Sun Market",
      "fi": "Sun Market",
      "zh": "太阳超市"
    },
    "logo": "sun-market-logo.png"
  },
  {
    "name": {
      "en": "Valio Aimo",
      "fi": "Valio Aimo",
      "zh": "Valio Aimo"
    },
    "logo": "valio-aimo-logo.png"
  }
]
